unitId,unitName,nsUnit,status,versionDate,itemType,nsItemType,itemTypeDate,symbol,definition,baseStandard,conversionPresentation,conversionContent,numeratorItemType,nsNumeratorItemType,denominatorItemType,nsDenominatorItemType
acre,Acre,http://www.xbrl.org/2009/utr,REC,2012-10-31,areaItemType,,2009-12-16,a,Acre,Customary,4046.86 * m 2,4046.86 m 2,,,,
sqft,Square Foot,http://www.xbrl.org/2009/utr,REC,2012-10-31,areaItemType,,2009-12-16,ft²,Square Foot,Customary,0.09290304 * m 2,0.09290304 m 2,,,,
sqmi,Square Mile,http://www.xbrl.org/2009/utr,REC,2012-10-31,areaItemType,,2009-12-16,mi²,Square Miles,Customary,2589988.110336 * m 2,2589988.110336 m 2,,,,
sqyd,Square Yard,http://www.xbrl.org/2009/utr,REC,2012-10-31,areaItemType,,2009-12-16,yd²,Square Yard,Customary,0.83612736 * m 2,0.83612736 m 2,,,,
Boe,Barrel of Oil Equivalent,http://www.xbrl.org/2009/utr,REC,2012-10-31,energyItemType,,2009-12-16,Boe,Barrel of Oil Equivalent,Customary,6117863200 * J,6117863200 J,,,,
Btu,British Thermal Unit,http://www.xbrl.org/2009/utr,REC,2012-10-31,energyItemType,,2009-12-16,BTU,British Thermal Unit,Customary,1.0545 * 10 3 * J,1.0545 10 3 J,,,,
ft_lb,Foot-Pound,http://www.xbrl.org/2009/utr,REC,2012-10-31,energyItemType,,2009-12-16,ft-lb,Foot-Pound Force,Customary,1.3558179483314 * J,1.3558179483314 J,,,,
MBoe,Thousand Barrels of Oil Equivalent,http://www.xbrl.org/2009/utr,REC,2012-10-31,energyItemType,,2009-12-16,MBoe,Thousand Barrels of Oil Equivalent,Customary,6.1178632 * 10 12 * J,6.1178632 10 12 J,,,,
Mcfe,Thousand Cubic Foot Equivalent,http://www.xbrl.org/2009/utr,REC,2012-10-31,energyItemType,,2009-12-16,Mcfe,Thousand Cubic Foot Equivalent,Customary,1.0872 * 10 9 J,1.0872 10 9 J,,,,
MMBoe,Millions of Barrels of Oil Equivalent,http://www.xbrl.org/2009/utr,REC,2012-10-31,energyItemType,,2009-12-16,MMBoe,Millions of Barrels of Oil Equivalent,Customary,6.1178632 * 10 15 * J,6.1178632 10 15 J,,,,
MMBTU,Millions of BTU,http://www.xbrl.org/2009/utr,REC,2012-10-31,energyItemType,,2009-12-16,MMBTU,Millions of BTU,Customary,1.0545 * 10 9 * J,1.0545 10 9 J,,,,
ft,Foot,http://www.xbrl.org/2009/utr,REC,2012-10-31,lengthItemType,,2009-12-16,ft,Twelve Inches,Customary,0.3048 * m,0.3048 m,,,,
in,Inch,http://www.xbrl.org/2009/utr,REC,2012-10-31,lengthItemType,,2009-12-16,in,Inch,Customary,25.4 * 10 -3 * m,25.4 10 -3 m,,,,
mi,Mile,http://www.xbrl.org/2009/utr,REC,2012-10-31,lengthItemType,,2009-12-16,mi,5280 Feet,Customary,1609.344 * m,1609.344 m,,,,
nmi,Nautical Mile,http://www.xbrl.org/2009/utr,REC,2012-10-31,lengthItemType,,2009-12-16,nmi,1.15078 Miles (One Minute of Arc Latitude),Customary,1852 * m,1852 m,,,,
yd,Yard,http://www.xbrl.org/2009/utr,REC,2012-10-31,lengthItemType,,2009-12-16,yd,Three Feet,Customary,0.914400000 * m,0.914400000 m,,,,
lb,Pound,http://www.xbrl.org/2009/utr,REC,2012-10-31,massItemType,,2009-12-16,lb,"Pound of Mass, as Used in Commerce 
(http://en.wikipedia.org/wiki/Pound_(mass)#Use_in_Commerce))",Customary,0.45359237 * kg,.45359237 kg,,,,
oz,Ounce,http://www.xbrl.org/2009/utr,REC,2012-10-31,massItemType,,2009-12-16,oz,US Ounce,Customary,0.028 * kg,0.028 kg,,,,
ozt,Troy Ounce,http://www.xbrl.org/2009/utr,REC,2012-10-31,massItemType,,2009-12-16,ozt,Troy Ounce,Customary,0.0311034768 * kg,0.0311034768 kg,,,,
T,Ton,http://www.xbrl.org/2009/utr,REC,2012-10-31,massItemType,,2009-12-16,T,US Ton,Customary,907.18474 * kg,907.18474 kg,,,,
hp,Horsepower,http://www.xbrl.org/2009/utr,REC,2012-10-31,powerItemType,,2009-12-16,hp,Horsepower (Foot-pound per Second),Customary,745.7 * W,745.7 W,,,,
bbl,Barrel,http://www.xbrl.org/2009/utr,REC,2012-10-31,volumeItemType,,2009-12-16,bbl,Barrel (of Oil),Customary,0.1589873 * m 3,0.1589873 m 3,,,,
ft3,Cubic Foot,http://www.xbrl.org/2009/utr,REC,2012-10-31,volumeItemType,,2009-12-16,ft³,Cubic Foot,Customary,0.028316846592 * m 3,0.028316846592 m 3,,,,
gal,Gallon,http://www.xbrl.org/2009/utr,REC,2012-10-31,volumeItemType,,2009-12-16,gal,US Gallon,Customary,0.003785412 * m 3,0.003785412 m 3,,,,
MBbls,Thousand Barrels,http://www.xbrl.org/2009/utr,REC,2012-10-31,volumeItemType,,2009-12-16,MBbls,Thousands of Barrels (of Oil),Customary,158.98729493 * m 3,158.98729493 m 6,,,,
Mcf,Thousands Cubic Feet,http://www.xbrl.org/2009/utr,REC,2012-10-31,volumeItemType,,2009-12-16,Mcf,Thousands of Cubic Feet,Customary,28316.846592 * m 3,28316.846592 m 3,,,,
MMBbls,Million Barrels,http://www.xbrl.org/2009/utr,REC,2012-10-31,volumeItemType,,2009-12-16,MMBbls,Millions of Barrels (of Oil),Customary,158987.294933 * m 3,158987.294933 m 3,,,,
MMcf,Millions Cubic Feet,http://www.xbrl.org/2009/utr,REC,2012-10-31,volumeItemType,,2009-12-16,MMcf,Millions of Cubic Feet,Customary,28316.846592 * m 3,28316.846592 m 3,,,,
AED,U.A.E. dirham,http://www.xbrl.org/2003/iso4217,REC,2012-10-31,monetaryItemType,http://www.xbrl.org/2003/instance,2003-12-31,د.إ,United Arab Emirates dirham,ISO4217,,,,,,
AFN,Afghan afghani,http://www.xbrl.org/2003/iso4217,REC,2012-10-31,monetaryItemType,http://www.xbrl.org/2003/instance,2003-12-31,؋,Afghan afghani,ISO4217,,,,,,
ALL,Albanian lek,http://www.xbrl.org/2003/iso4217,REC,2012-10-31,monetaryItemType,http://www.xbrl.org/2003/instance,2003-12-31,L,Albanian lek,ISO4217,,,,,,
AMD,Armenian dram,http://www.xbrl.org/2003/iso4217,REC,2012-10-31,monetaryItemType,http://www.xbrl.org/2003/instance,2003-12-31,֏,Armenian dram,ISO4217,,,,,,
ANG,Netherlands Antillean guilder,http://www.xbrl.org/2003/iso4217,REC,2012-10-31,monetaryItemType,http://www.xbrl.org/2003/instance,2003-12-31,NAƒ,Netherlands Antillean guilder,ISO4217,,,,,,
AOA,Angolan kwanza,http://www.xbrl.org/2003/iso4217,REC,2012-10-31,monetaryItemType,http://www.xbrl.org/2003/instance,2003-12-31,Kz,Angolan kwanza,ISO4217,,,,,,
ARS,Argentine peso,http://www.xbrl.org/2003/iso4217,REC,2012-10-31,monetaryItemType,http://www.xbrl.org/2003/instance,2003-12-31,$,Argentine peso,ISO4217,,,,,,
AUD,Australian dollar,http://www.xbrl.org/2003/iso4217,REC,2012-10-31,monetaryItemType,http://www.xbrl.org/2003/instance,2003-12-31,$,Australian dollar,ISO4217,,,,,,
AWG,Aruban florin,http://www.xbrl.org/2003/iso4217,REC,2012-10-31,monetaryItemType,http://www.xbrl.org/2003/instance,2003-12-31,ƒ,Aruban florin,ISO4217,,,,,,
AZN,Azerbaijani manat,http://www.xbrl.org/2003/iso4217,REC,2012-10-31,monetaryItemType,http://www.xbrl.org/2003/instance,2003-12-31,₼,Azerbaijani manat,ISO4217,,,,,,
BAM,Bosnia and Herzegovina convertible mark,http://www.xbrl.org/2003/iso4217,REC,2012-10-31,monetaryItemType,http://www.xbrl.org/2003/instance,2003-12-31,KM,Bosnia and Herzegovina convertible mark,ISO4217,,,,,,
BBD,Barbados dollar,http://www.xbrl.org/2003/iso4217,REC,2012-10-31,monetaryItemType,http://www.xbrl.org/2003/instance,2003-12-31,$,Barbados dollar,ISO4217,,,,,,
BDT,Bangladeshi taka,http://www.xbrl.org/2003/iso4217,REC,2012-10-31,monetaryItemType,http://www.xbrl.org/2003/instance,2003-12-31,৳,Bangladeshi taka,ISO4217,,,,,,
BGN,Bulgarian lev,http://www.xbrl.org/2003/iso4217,REC,2012-10-31,monetaryItemType,http://www.xbrl.org/2003/instance,2003-12-31,лв,Bulgarian lev,ISO4217,,,,,,
BHD,Bahraini dinar,http://www.xbrl.org/2003/iso4217,REC,2012-10-31,monetaryItemType,http://www.xbrl.org/2003/instance,2003-12-31,.د.ب,Bahraini dinar,ISO4217,,,,,,
BIF,Burundian franc,http://www.xbrl.org/2003/iso4217,REC,2012-10-31,monetaryItemType,http://www.xbrl.org/2003/instance,2003-12-31,FBu,Burundian franc,ISO4217,,,,,,
BMD,Bermuda Dollar,http://www.xbrl.org/2003/iso4217,REC,2012-10-31,monetaryItemType,http://www.xbrl.org/2003/instance,2003-12-31,$,Bermudian dollar (customarily known as Bermuda dollar),ISO4217,,,,,,
BND,Brunei dollar,http://www.xbrl.org/2003/iso4217,REC,2012-10-31,monetaryItemType,http://www.xbrl.org/2003/instance,2003-12-31,$,Brunei dollar,ISO4217,,,,,,
BOB,Boliviano,http://www.xbrl.org/2003/iso4217,REC,2012-10-31,monetaryItemType,http://www.xbrl.org/2003/instance,2003-12-31,Bs.,Boliviano,ISO4217,,,,,,
BOV,Bolivian Mvdol,http://www.xbrl.org/2003/iso4217,REC,2012-10-31,monetaryItemType,http://www.xbrl.org/2003/instance,2003-12-31,,Bolivian Mvdol (funds code),ISO4217,,,,,,
BRL,Brazilian real,http://www.xbrl.org/2003/iso4217,REC,2012-10-31,monetaryItemType,http://www.xbrl.org/2003/instance,2003-12-31,R$,Brazilian real,ISO4217,,,,,,
BSD,Bahamian dollar,http://www.xbrl.org/2003/iso4217,REC,2012-10-31,monetaryItemType,http://www.xbrl.org/2003/instance,2003-12-31,$,Bahamian dollar,ISO4217,,,,,,
BTN,Bhutanese ngultrum,http://www.xbrl.org/2003/iso4217,REC,2012-10-31,monetaryItemType,http://www.xbrl.org/2003/instance,2003-12-31,Ch.,Bhutanese ngultrum,ISO4217,,,,,,
BWP,Botswana pula,http://www.xbrl.org/2003/iso4217,REC,2012-10-31,monetaryItemType,http://www.xbrl.org/2003/instance,2003-12-31,P,Botswana pula,ISO4217,,,,,,
BYN,Belarusian ruble,http://www.xbrl.org/2003/iso4217,REC,2017-07-12,monetaryItemType,http://www.xbrl.org/2003/instance,2003-12-31,Br,Belarusian ruble,ISO4217,,,,,,
BYR,Belarusian ruble,http://www.xbrl.org/2003/iso4217,REC,2012-10-31,monetaryItemType,http://www.xbrl.org/2003/instance,2003-12-31,Br,Belarusian ruble,ISO4217,,,,,,
BZD,Belize dollar,http://www.xbrl.org/2003/iso4217,REC,2012-10-31,monetaryItemType,http://www.xbrl.org/2003/instance,2003-12-31,$,Belize dollar,ISO4217,,,,,,
CAD,Canadian dollar,http://www.xbrl.org/2003/iso4217,REC,2012-10-31,monetaryItemType,http://www.xbrl.org/2003/instance,2003-12-31,$,Canadian dollar,ISO4217,,,,,,
CDF,Congolese franc,http://www.xbrl.org/2003/iso4217,REC,2012-10-31,monetaryItemType,http://www.xbrl.org/2003/instance,2003-12-31,CF,Congolese franc,ISO4217,,,,,,
CHE,WIR Bank,http://www.xbrl.org/2003/iso4217,REC,2012-10-31,monetaryItemType,http://www.xbrl.org/2003/instance,2003-12-31,,WIR Bank (complementary currency),ISO4217,,,,,,
CHF,Swiss franc,http://www.xbrl.org/2003/iso4217,REC,2012-10-31,monetaryItemType,http://www.xbrl.org/2003/instance,2003-12-31,SFr,Swiss franc,ISO4217,,,,,,
CHW,WIR Bank,http://www.xbrl.org/2003/iso4217,REC,2012-10-31,monetaryItemType,http://www.xbrl.org/2003/instance,2003-12-31,,WIR Bank (complementary currency),ISO4217,,,,,,
CLF,Unidad de Fomento,http://www.xbrl.org/2003/iso4217,REC,2012-10-31,monetaryItemType,http://www.xbrl.org/2003/instance,2003-12-31,,Unidad de Fomento (funds code),ISO4217,,,,,,
CLP,Chilean peso,http://www.xbrl.org/2003/iso4217,REC,2012-10-31,monetaryItemType,http://www.xbrl.org/2003/instance,2003-12-31,$,Chilean peso,ISO4217,,,,,,
CNY,Chinese yuan,http://www.xbrl.org/2003/iso4217,REC,2012-10-31,monetaryItemType,http://www.xbrl.org/2003/instance,2003-12-31,¥,Chinese yuan (renmibi),ISO4217,,,,,,
COP,Colombian peso,http://www.xbrl.org/2003/iso4217,REC,2012-10-31,monetaryItemType,http://www.xbrl.org/2003/instance,2003-12-31,$,Colombian peso,ISO4217,,,,,,
COU,Unidad de Valor Real,http://www.xbrl.org/2003/iso4217,REC,2012-10-31,monetaryItemType,http://www.xbrl.org/2003/instance,2003-12-31,,Unidad de Valor Real,ISO4217,,,,,,
CRC,Costa Rican colon,http://www.xbrl.org/2003/iso4217,REC,2012-10-31,monetaryItemType,http://www.xbrl.org/2003/instance,2003-12-31,₡,Costa Rican colon,ISO4217,,,,,,
CUC,Cuban convertible peso,http://www.xbrl.org/2003/iso4217,REC,2012-10-31,monetaryItemType,http://www.xbrl.org/2003/instance,2003-12-31,CUC$,Cuban convertible peso,ISO4217,,,,,,
CUP,Cuban peso,http://www.xbrl.org/2003/iso4217,REC,2012-10-31,monetaryItemType,http://www.xbrl.org/2003/instance,2003-12-31,$MN,Cuban peso,ISO4217,,,,,,
CVE,Cape Verde escudo,http://www.xbrl.org/2003/iso4217,REC,2012-10-31,monetaryItemType,http://www.xbrl.org/2003/instance,2003-12-31,Esc,Cape Verde escudo,ISO4217,,,,,,
CZK,Czech koruna,http://www.xbrl.org/2003/iso4217,REC,2012-10-31,monetaryItemType,http://www.xbrl.org/2003/instance,2003-12-31,Kč,Czech koruna,ISO4217,,,,,,
DJF,Djiboutian franc,http://www.xbrl.org/2003/iso4217,REC,2012-10-31,monetaryItemType,http://www.xbrl.org/2003/instance,2003-12-31,Fdj,Djiboutian franc,ISO4217,,,,,,
DKK,Danish krone,http://www.xbrl.org/2003/iso4217,REC,2012-10-31,monetaryItemType,http://www.xbrl.org/2003/instance,2003-12-31,kr,Danish krone,ISO4217,,,,,,
DOP,Dominican peso,http://www.xbrl.org/2003/iso4217,REC,2012-10-31,monetaryItemType,http://www.xbrl.org/2003/instance,2003-12-31,$,Dominican peso,ISO4217,,,,,,
DZD,Algerian dinar,http://www.xbrl.org/2003/iso4217,REC,2012-10-31,monetaryItemType,http://www.xbrl.org/2003/instance,2003-12-31,دج,Algerian dinar,ISO4217,,,,,,
EEK,Estonian kroon,http://www.xbrl.org/2003/iso4217,REC,2012-10-31,monetaryItemType,http://www.xbrl.org/2003/instance,2003-12-31,,Estonian kroon,ISO4217,,,,,,
EGP,Egyptian pound,http://www.xbrl.org/2003/iso4217,REC,2012-10-31,monetaryItemType,http://www.xbrl.org/2003/instance,2003-12-31,ج.م.,Egyptian pound,ISO4217,,,,,,
ERN,Eritrean nakfa,http://www.xbrl.org/2003/iso4217,REC,2012-10-31,monetaryItemType,http://www.xbrl.org/2003/instance,2003-12-31,Nfk,Eritrean nakfa,ISO4217,,,,,,
ETB,Ethiopian birr,http://www.xbrl.org/2003/iso4217,REC,2012-10-31,monetaryItemType,http://www.xbrl.org/2003/instance,2003-12-31,Br,Ethiopian birr,ISO4217,,,,,,
EUR,Euro,http://www.xbrl.org/2003/iso4217,REC,2012-10-31,monetaryItemType,http://www.xbrl.org/2003/instance,2003-12-31,€,Euro,ISO4217,,,,,,
FJD,Fiji dollar,http://www.xbrl.org/2003/iso4217,REC,2012-10-31,monetaryItemType,http://www.xbrl.org/2003/instance,2003-12-31,$,Fiji dollar,ISO4217,,,,,,
FKP,Falkland Islands pound,http://www.xbrl.org/2003/iso4217,REC,2012-10-31,monetaryItemType,http://www.xbrl.org/2003/instance,2003-12-31,£,Falkland Islands pound,ISO4217,,,,,,
GBP,Pound sterling,http://www.xbrl.org/2003/iso4217,REC,2012-10-31,monetaryItemType,http://www.xbrl.org/2003/instance,2003-12-31,£,Great Britain Pound sterling,ISO4217,,,,,,
GEL,Georgian lari,http://www.xbrl.org/2003/iso4217,REC,2012-10-31,monetaryItemType,http://www.xbrl.org/2003/instance,2003-12-31,ლ,Georgian lari,ISO4217,,,,,,
GHS,Ghanaian cedi,http://www.xbrl.org/2003/iso4217,REC,2012-10-31,monetaryItemType,http://www.xbrl.org/2003/instance,2003-12-31,GH₵,Ghanaian cedi,ISO4217,,,,,,
GIP,Gibraltar pound,http://www.xbrl.org/2003/iso4217,REC,2012-10-31,monetaryItemType,http://www.xbrl.org/2003/instance,2003-12-31,£,Gibraltar pound,ISO4217,,,,,,
GMD,Gambian dalasi,http://www.xbrl.org/2003/iso4217,REC,2012-10-31,monetaryItemType,http://www.xbrl.org/2003/instance,2003-12-31,D,Gambian dalasi,ISO4217,,,,,,
GNF,Guinean franc,http://www.xbrl.org/2003/iso4217,REC,2012-10-31,monetaryItemType,http://www.xbrl.org/2003/instance,2003-12-31,FG,Guinean franc,ISO4217,,,,,,
GTQ,Guatemalan quetzal,http://www.xbrl.org/2003/iso4217,REC,2012-10-31,monetaryItemType,http://www.xbrl.org/2003/instance,2003-12-31,Q,Guatemalan quetzal,ISO4217,,,,,,
GYD,Guyanese dollar,http://www.xbrl.org/2003/iso4217,REC,2012-10-31,monetaryItemType,http://www.xbrl.org/2003/instance,2003-12-31,$,Guyanese dollar,ISO4217,,,,,,
HKD,Hong Kong dollar,http://www.xbrl.org/2003/iso4217,REC,2012-10-31,monetaryItemType,http://www.xbrl.org/2003/instance,2003-12-31,$,Hong Kong dollar,ISO4217,,,,,,
HNL,Honduran lempira,http://www.xbrl.org/2003/iso4217,REC,2012-10-31,monetaryItemType,http://www.xbrl.org/2003/instance,2003-12-31,L,Honduran lempira,ISO4217,,,,,,
HRK,Croatian kuna,http://www.xbrl.org/2003/iso4217,REC,2012-10-31,monetaryItemType,http://www.xbrl.org/2003/instance,2003-12-31,kn,Croatian kuna,ISO4217,,,,,,
HTG,Haitian gourde,http://www.xbrl.org/2003/iso4217,REC,2012-10-31,monetaryItemType,http://www.xbrl.org/2003/instance,2003-12-31,G,Haitian gourde,ISO4217,,,,,,
HUF,Hungarian forint,http://www.xbrl.org/2003/iso4217,REC,2012-10-31,monetaryItemType,http://www.xbrl.org/2003/instance,2003-12-31,Ft,Hungarian forint,ISO4217,,,,,,
IDR,Indonesian rupiah,http://www.xbrl.org/2003/iso4217,REC,2012-10-31,monetaryItemType,http://www.xbrl.org/2003/instance,2003-12-31,Rp,Indonesian rupiah,ISO4217,,,,,,
ILS,Israeli new sheqel,http://www.xbrl.org/2003/iso4217,REC,2012-10-31,monetaryItemType,http://www.xbrl.org/2003/instance,2003-12-31,₪,Israeli new sheqel,ISO4217,,,,,,
INR,Indian rupee,http://www.xbrl.org/2003/iso4217,REC,2012-10-31,monetaryItemType,http://www.xbrl.org/2003/instance,2003-12-31,₨,Indian rupee,ISO4217,,,,,,
IQD,Iraqi dinar,http://www.xbrl.org/2003/iso4217,REC,2012-10-31,monetaryItemType,http://www.xbrl.org/2003/instance,2003-12-31,د.ع,Iraqi dinar,ISO4217,,,,,,
IRR,Iranian rial,http://www.xbrl.org/2003/iso4217,REC,2012-10-31,monetaryItemType,http://www.xbrl.org/2003/instance,2003-12-31,﷼,Iranian rial,ISO4217,,,,,,
ISK,Icelandic króna,http://www.xbrl.org/2003/iso4217,REC,2012-10-31,monetaryItemType,http://www.xbrl.org/2003/instance,2003-12-31,kr,Icelandic króna,ISO4217,,,,,,
JMD,Jamaican dollar,http://www.xbrl.org/2003/iso4217,REC,2012-10-31,monetaryItemType,http://www.xbrl.org/2003/instance,2003-12-31,$,Jamaican dollar,ISO4217,,,,,,
JOD,Jordanian dinar,http://www.xbrl.org/2003/iso4217,REC,2012-10-31,monetaryItemType,http://www.xbrl.org/2003/instance,2003-12-31,JD,Jordanian dinar,ISO4217,,,,,,
JPY,Japanese yen,http://www.xbrl.org/2003/iso4217,REC,2012-10-31,monetaryItemType,http://www.xbrl.org/2003/instance,2003-12-31,¥,Japanese yen,ISO4217,,,,,,
KES,Kenyan shilling,http://www.xbrl.org/2003/iso4217,REC,2012-10-31,monetaryItemType,http://www.xbrl.org/2003/instance,2003-12-31,Ksh,Kenyan shilling,ISO4217,,,,,,
KGS,Kyrgyzstani som,http://www.xbrl.org/2003/iso4217,REC,2012-10-31,monetaryItemType,http://www.xbrl.org/2003/instance,2003-12-31,сом,Kyrgyzstani som,ISO4217,,,,,,
KHR,Cambodian riel,http://www.xbrl.org/2003/iso4217,REC,2012-10-31,monetaryItemType,http://www.xbrl.org/2003/instance,2003-12-31,៛,Cambodian riel,ISO4217,,,,,,
KMF,Comoro franc,http://www.xbrl.org/2003/iso4217,REC,2012-10-31,monetaryItemType,http://www.xbrl.org/2003/instance,2003-12-31,₣,Comoro franc,ISO4217,,,,,,
KPW,North Korean won,http://www.xbrl.org/2003/iso4217,REC,2012-10-31,monetaryItemType,http://www.xbrl.org/2003/instance,2003-12-31,₩,North Korean won,ISO4217,,,,,,
KRW,South Korean won,http://www.xbrl.org/2003/iso4217,REC,2012-10-31,monetaryItemType,http://www.xbrl.org/2003/instance,2003-12-31,₩,South Korean won,ISO4217,,,,,,
KWD,Kuwaiti dinar,http://www.xbrl.org/2003/iso4217,REC,2012-10-31,monetaryItemType,http://www.xbrl.org/2003/instance,2003-12-31,د.ك,Kuwaiti dinar,ISO4217,,,,,,
KYD,Cayman Islands dollar,http://www.xbrl.org/2003/iso4217,REC,2012-10-31,monetaryItemType,http://www.xbrl.org/2003/instance,2003-12-31,$,Cayman Islands dollar,ISO4217,,,,,,
KZT,Kazakhstani tenge,http://www.xbrl.org/2003/iso4217,REC,2012-10-31,monetaryItemType,http://www.xbrl.org/2003/instance,2003-12-31,₸,Kazakhstani tenge,ISO4217,,,,,,
LAK,Lao kip,http://www.xbrl.org/2003/iso4217,REC,2012-10-31,monetaryItemType,http://www.xbrl.org/2003/instance,2003-12-31,₭,Lao kip,ISO4217,,,,,,
LBP,Lebanese pound,http://www.xbrl.org/2003/iso4217,REC,2012-10-31,monetaryItemType,http://www.xbrl.org/2003/instance,2003-12-31,LL,Lebanese pound,ISO4217,,,,,,
LKR,Sri Lanka rupee,http://www.xbrl.org/2003/iso4217,REC,2012-10-31,monetaryItemType,http://www.xbrl.org/2003/instance,2003-12-31,රු,Sri Lanka rupee,ISO4217,,,,,,
LRD,Liberian dollar,http://www.xbrl.org/2003/iso4217,REC,2012-10-31,monetaryItemType,http://www.xbrl.org/2003/instance,2003-12-31,$,Liberian dollar,ISO4217,,,,,,
LSL,Lesotho loti,http://www.xbrl.org/2003/iso4217,REC,2012-10-31,monetaryItemType,http://www.xbrl.org/2003/instance,2003-12-31,M,Lesotho loti,ISO4217,,,,,,
LTL,Lithuanian litas,http://www.xbrl.org/2003/iso4217,REC,2012-10-31,monetaryItemType,http://www.xbrl.org/2003/instance,2003-12-31,Lt,Lithuanian litas,ISO4217,,,,,,
LVL,Latvian lats,http://www.xbrl.org/2003/iso4217,REC,2012-10-31,monetaryItemType,http://www.xbrl.org/2003/instance,2003-12-31,Ls,Latvian lats,ISO4217,,,,,,
LYD,Libyan dinar,http://www.xbrl.org/2003/iso4217,REC,2012-10-31,monetaryItemType,http://www.xbrl.org/2003/instance,2003-12-31,ل.د,Libyan dinar,ISO4217,,,,,,
MAD,Moroccan dirham,http://www.xbrl.org/2003/iso4217,REC,2012-10-31,monetaryItemType,http://www.xbrl.org/2003/instance,2003-12-31,د.م.,Moroccan dirham,ISO4217,,,,,,
MDL,Moldovan leu,http://www.xbrl.org/2003/iso4217,REC,2012-10-31,monetaryItemType,http://www.xbrl.org/2003/instance,2003-12-31,,Moldovan leu,ISO4217,,,,,,
MGA,Malagasy ariary,http://www.xbrl.org/2003/iso4217,REC,2012-10-31,monetaryItemType,http://www.xbrl.org/2003/instance,2003-12-31,Ar,Malagasy ariary,ISO4217,,,,,,
MKD,Macedonian denar,http://www.xbrl.org/2003/iso4217,REC,2012-10-31,monetaryItemType,http://www.xbrl.org/2003/instance,2003-12-31,ден,Macedonian denar,ISO4217,,,,,,
MMK,Myanma kyat,http://www.xbrl.org/2003/iso4217,REC,2012-10-31,monetaryItemType,http://www.xbrl.org/2003/instance,2003-12-31,K,Myanma kyat,ISO4217,,,,,,
MNT,Mongolian tugrik,http://www.xbrl.org/2003/iso4217,REC,2012-10-31,monetaryItemType,http://www.xbrl.org/2003/instance,2003-12-31,₮,Mongolian tugrik,ISO4217,,,,,,
MOP,Macanese pataca,http://www.xbrl.org/2003/iso4217,REC,2012-10-31,monetaryItemType,http://www.xbrl.org/2003/instance,2003-12-31,MOP$,Macanese pataca,ISO4217,,,,,,
MRO,Mauritanian ouguiya,http://www.xbrl.org/2003/iso4217,REC,2012-10-31,monetaryItemType,http://www.xbrl.org/2003/instance,2003-12-31,UM,Mauritanian ouguiya,ISO4217,,,,,,
MUR,Mauritian rupee,http://www.xbrl.org/2003/iso4217,REC,2012-10-31,monetaryItemType,http://www.xbrl.org/2003/instance,2003-12-31,₨,Mauritian rupee,ISO4217,,,,,,
MVR,Maldivian rufiyaa,http://www.xbrl.org/2003/iso4217,REC,2012-10-31,monetaryItemType,http://www.xbrl.org/2003/instance,2003-12-31,Rf.,Maldivian rufiyaa,ISO4217,,,,,,
MWK,Malawian kwacha,http://www.xbrl.org/2003/iso4217,REC,2012-10-31,monetaryItemType,http://www.xbrl.org/2003/instance,2003-12-31,MK,Malawian kwacha,ISO4217,,,,,,
MXN,Mexican peso,http://www.xbrl.org/2003/iso4217,REC,2012-10-31,monetaryItemType,http://www.xbrl.org/2003/instance,2003-12-31,$,Mexican peso,ISO4217,,,,,,
MXV,Mexican UDI,http://www.xbrl.org/2003/iso4217,REC,2012-10-31,monetaryItemType,http://www.xbrl.org/2003/instance,2003-12-31,,Mexican Unidad de Inversion (UDI) (funds code),ISO4217,,,,,,
MYR,Malaysian ringgit,http://www.xbrl.org/2003/iso4217,REC,2012-10-31,monetaryItemType,http://www.xbrl.org/2003/instance,2003-12-31,RM,Malaysian ringgit,ISO4217,,,,,,
MZN,Mozambican metical,http://www.xbrl.org/2003/iso4217,REC,2012-10-31,monetaryItemType,http://www.xbrl.org/2003/instance,2003-12-31,MT,Mozambican metical,ISO4217,,,,,,
NAD,Namibian dollar,http://www.xbrl.org/2003/iso4217,REC,2012-10-31,monetaryItemType,http://www.xbrl.org/2003/instance,2003-12-31,$,Namibian dollar,ISO4217,,,,,,
NGN,Nigerian naira,http://www.xbrl.org/2003/iso4217,REC,2012-10-31,monetaryItemType,http://www.xbrl.org/2003/instance,2003-12-31,₦,Nigerian naira,ISO4217,,,,,,
NIO,Cordoba oro,http://www.xbrl.org/2003/iso4217,REC,2012-10-31,monetaryItemType,http://www.xbrl.org/2003/instance,2003-12-31,C$,Cordoba oro,ISO4217,,,,,,
NOK,Norwegian krone,http://www.xbrl.org/2003/iso4217,REC,2012-10-31,monetaryItemType,http://www.xbrl.org/2003/instance,2003-12-31,kr,Norwegian krone,ISO4217,,,,,,
NPR,Nepalese rupee,http://www.xbrl.org/2003/iso4217,REC,2012-10-31,monetaryItemType,http://www.xbrl.org/2003/instance,2003-12-31,₨,Nepalese rupee,ISO4217,,,,,,
NZD,New Zealand dollar,http://www.xbrl.org/2003/iso4217,REC,2012-10-31,monetaryItemType,http://www.xbrl.org/2003/instance,2003-12-31,$,New Zealand dollar,ISO4217,,,,,,
OMR,Omani rial,http://www.xbrl.org/2003/iso4217,REC,2012-10-31,monetaryItemType,http://www.xbrl.org/2003/instance,2003-12-31,ر.ع.,Omani rial,ISO4217,,,,,,
PAB,Panamanian balboa,http://www.xbrl.org/2003/iso4217,REC,2012-10-31,monetaryItemType,http://www.xbrl.org/2003/instance,2003-12-31,B/.,Panamanian balboa,ISO4217,,,,,,
PEN,Peruvian nuevo sol,http://www.xbrl.org/2003/iso4217,REC,2012-10-31,monetaryItemType,http://www.xbrl.org/2003/instance,2003-12-31,S/,Peruvian nuevo sol,ISO4217,,,,,,
PGK,Papua New Guinean kina,http://www.xbrl.org/2003/iso4217,REC,2012-10-31,monetaryItemType,http://www.xbrl.org/2003/instance,2003-12-31,K,Papua New Guinean kina,ISO4217,,,,,,
PHP,Philippine peso,http://www.xbrl.org/2003/iso4217,REC,2012-10-31,monetaryItemType,http://www.xbrl.org/2003/instance,2003-12-31,₱,Philippine peso,ISO4217,,,,,,
PKR,Pakistani rupee,http://www.xbrl.org/2003/iso4217,REC,2012-10-31,monetaryItemType,http://www.xbrl.org/2003/instance,2003-12-31,₨,Pakistani rupee,ISO4217,,,,,,
PLN,Polish złoty,http://www.xbrl.org/2003/iso4217,REC,2012-10-31,monetaryItemType,http://www.xbrl.org/2003/instance,2003-12-31,zł,Polish złoty,ISO4217,,,,,,
PYG,Paraguayan guaraní,http://www.xbrl.org/2003/iso4217,REC,2012-10-31,monetaryItemType,http://www.xbrl.org/2003/instance,2003-12-31,₲,Paraguayan guaraní,ISO4217,,,,,,
QAR,Qatari rial,http://www.xbrl.org/2003/iso4217,REC,2012-10-31,monetaryItemType,http://www.xbrl.org/2003/instance,2003-12-31,ر.ق,Qatari rial,ISO4217,,,,,,
RON,Romanian new leu,http://www.xbrl.org/2003/iso4217,REC,2012-10-31,monetaryItemType,http://www.xbrl.org/2003/instance,2003-12-31,,Romanian new leu,ISO4217,,,,,,
RSD,Serbian dinar,http://www.xbrl.org/2003/iso4217,REC,2012-10-31,monetaryItemType,http://www.xbrl.org/2003/instance,2003-12-31,дин,Serbian dinar,ISO4217,,,,,,
RUB,Rouble,http://www.xbrl.org/2003/iso4217,REC,2012-10-31,monetaryItemType,http://www.xbrl.org/2003/instance,2003-12-31,₽,Russian rouble,ISO4217,,,,,,
RWF,Rwandan franc,http://www.xbrl.org/2003/iso4217,REC,2012-10-31,monetaryItemType,http://www.xbrl.org/2003/instance,2003-12-31,FRw,Rwandan franc,ISO4217,,,,,,
SAR,Riyal,http://www.xbrl.org/2003/iso4217,REC,2012-10-31,monetaryItemType,http://www.xbrl.org/2003/instance,2003-12-31,ر.س,Saudi riyal,ISO4217,,,,,,
SBD,Solomon Islands dollar,http://www.xbrl.org/2003/iso4217,REC,2012-10-31,monetaryItemType,http://www.xbrl.org/2003/instance,2003-12-31,$,Solomon Islands dollar,ISO4217,,,,,,
SCR,Seychelles rupee,http://www.xbrl.org/2003/iso4217,REC,2012-10-31,monetaryItemType,http://www.xbrl.org/2003/instance,2003-12-31,SRe,Seychelles rupee,ISO4217,,,,,,
SDG,Sudanese pound,http://www.xbrl.org/2003/iso4217,REC,2012-10-31,monetaryItemType,http://www.xbrl.org/2003/instance,2003-12-31,,Sudanese pound,ISO4217,,,,,,
SEK,Swedish krona,http://www.xbrl.org/2003/iso4217,REC,2012-10-31,monetaryItemType,http://www.xbrl.org/2003/instance,2003-12-31,kr,Swedish krona/kronor,ISO4217,,,,,,
SGD,Singapore dollar,http://www.xbrl.org/2003/iso4217,REC,2012-10-31,monetaryItemType,http://www.xbrl.org/2003/instance,2003-12-31,$,Singapore dollar,ISO4217,,,,,,
SHP,Saint Helena pound,http://www.xbrl.org/2003/iso4217,REC,2012-10-31,monetaryItemType,http://www.xbrl.org/2003/instance,2003-12-31,£,Saint Helena pound,ISO4217,,,,,,
SLL,Leone,http://www.xbrl.org/2003/iso4217,REC,2012-10-31,monetaryItemType,http://www.xbrl.org/2003/instance,2003-12-31,Le,Sierra Leonean leone,ISO4217,,,,,,
SOS,Somali shilling,http://www.xbrl.org/2003/iso4217,REC,2012-10-31,monetaryItemType,http://www.xbrl.org/2003/instance,2003-12-31,Sh.So,Somali shilling,ISO4217,,,,,,
SRD,Surinamese dollar,http://www.xbrl.org/2003/iso4217,REC,2012-10-31,monetaryItemType,http://www.xbrl.org/2003/instance,2003-12-31,$,Surinamese dollar,ISO4217,,,,,,
SSP,South Sudanese pound,http://www.xbrl.org/2003/iso4217,REC,2017-07-12,monetaryItemType,http://www.xbrl.org/2003/instance,2003-12-31,,South Sudanese pound,ISO4217,,,,,,
STD,São Tomé and Príncipe dobra,http://www.xbrl.org/2003/iso4217,REC,2012-10-31,monetaryItemType,http://www.xbrl.org/2003/instance,2003-12-31,Db,São Tomé and Príncipe dobra,ISO4217,,,,,,
SVC,Salvadoran colón,http://www.xbrl.org/2003/iso4217,REC,2017-07-12,monetaryItemType,http://www.xbrl.org/2003/instance,2003-12-31,₡,Salvadoran colón,ISO4217,,,,,,
SYP,Syrian pound,http://www.xbrl.org/2003/iso4217,REC,2012-10-31,monetaryItemType,http://www.xbrl.org/2003/instance,2003-12-31,LS,Syrian pound,ISO4217,,,,,,
SZL,Lilangeni,http://www.xbrl.org/2003/iso4217,REC,2012-10-31,monetaryItemType,http://www.xbrl.org/2003/instance,2003-12-31,E,Swaziland Lilangeni,ISO4217,,,,,,
THB,Baht,http://www.xbrl.org/2003/iso4217,REC,2012-10-31,monetaryItemType,http://www.xbrl.org/2003/instance,2003-12-31,฿,Thai baht,ISO4217,,,,,,
TJS,Tajikistani somoni,http://www.xbrl.org/2003/iso4217,REC,2012-10-31,monetaryItemType,http://www.xbrl.org/2003/instance,2003-12-31,,Tajikistani somoni,ISO4217,,,,,,
TMT,Turkmenistani manat,http://www.xbrl.org/2003/iso4217,REC,2012-10-31,monetaryItemType,http://www.xbrl.org/2003/instance,2003-12-31,,Turkmenistani manat,ISO4217,,,,,,
TND,Tunisian dinar,http://www.xbrl.org/2003/iso4217,REC,2012-10-31,monetaryItemType,http://www.xbrl.org/2003/instance,2003-12-31,د.ت,Tunisian dinar,ISO4217,,,,,,
TOP,Pa'anga,http://www.xbrl.org/2003/iso4217,REC,2012-10-31,monetaryItemType,http://www.xbrl.org/2003/instance,2003-12-31,T$,Tongan pa'anga,ISO4217,,,,,,
TRY,Turkish lira,http://www.xbrl.org/2003/iso4217,REC,2012-10-31,monetaryItemType,http://www.xbrl.org/2003/instance,2003-12-31,₺,Turkish lira,ISO4217,,,,,,
TTD,Trinidad and Tobago dollar,http://www.xbrl.org/2003/iso4217,REC,2012-10-31,monetaryItemType,http://www.xbrl.org/2003/instance,2003-12-31,$,Trinidad and Tobago dollar,ISO4217,,,,,,
TWD,New Taiwan dollar,http://www.xbrl.org/2003/iso4217,REC,2012-10-31,monetaryItemType,http://www.xbrl.org/2003/instance,2003-12-31,$,New Taiwan dollar,ISO4217,,,,,,
TZS,Tanzanian shilling,http://www.xbrl.org/2003/iso4217,REC,2012-10-31,monetaryItemType,http://www.xbrl.org/2003/instance,2003-12-31,Tsh,Tanzanian shilling,ISO4217,,,,,,
UAH,Hryvnia,http://www.xbrl.org/2003/iso4217,REC,2012-10-31,monetaryItemType,http://www.xbrl.org/2003/instance,2003-12-31,₴,Ukrainian hryvnia,ISO4217,,,,,,
UGX,Ugandan shilling,http://www.xbrl.org/2003/iso4217,REC,2012-10-31,monetaryItemType,http://www.xbrl.org/2003/instance,2003-12-31,USh,Ugandan shilling,ISO4217,,,,,,
USD,US Dollar,http://www.xbrl.org/2003/iso4217,REC,2012-10-31,monetaryItemType,http://www.xbrl.org/2003/instance,2003-12-31,$,United States dollar,ISO4217,,,,,,
USN,Next Day US Dollar,http://www.xbrl.org/2003/iso4217,REC,2012-10-31,monetaryItemType,http://www.xbrl.org/2003/instance,2003-12-31,$,United States dollar (next day) (funds code),ISO4217,,,,,,
USS,Same Day US Dollar,http://www.xbrl.org/2003/iso4217,REC,2012-10-31,monetaryItemType,http://www.xbrl.org/2003/instance,2003-12-31,$,United States dollar (same day) (funds code),ISO4217,,,,,,
UYI,Uruguay Peso en Unidades Indexadas,http://www.xbrl.org/2003/iso4217,REC,2017-07-12,monetaryItemType,http://www.xbrl.org/2003/instance,2003-12-31,,Uruguay Peso en Unidades Indexadas (URUIURUI) (funds code),ISO4217,,,,,,
UYU,Uruguayan peso,http://www.xbrl.org/2003/iso4217,REC,2012-10-31,monetaryItemType,http://www.xbrl.org/2003/instance,2003-12-31,$,Uruguayan peso,ISO4217,,,,,,
UZS,Som,http://www.xbrl.org/2003/iso4217,REC,2012-10-31,monetaryItemType,http://www.xbrl.org/2003/instance,2003-12-31,,Uzbekistan som,ISO4217,,,,,,
VEB,Venezualan Bolivar,http://www.xbrl.org/2003/iso4217,REC,2012-10-31,monetaryItemType,http://www.xbrl.org/2003/instance,2003-12-31,Bs.,Venezuelan bolívar,ISO4217,,,,,,
VEF,Venezuelan Bolivar Fuerte,http://www.xbrl.org/2003/iso4217,REC,2012-10-31,monetaryItemType,http://www.xbrl.org/2003/instance,2003-12-31,,Venezuelan bolívar fuerte (equals 1000 VEB),ISO4217,,,,,,
VND,đồng,http://www.xbrl.org/2003/iso4217,REC,2012-10-31,monetaryItemType,http://www.xbrl.org/2003/instance,2003-12-31,₫,Vietnamese đồng,ISO4217,,,,,,
VUV,Vanuatu vatu,http://www.xbrl.org/2003/iso4217,REC,2012-10-31,monetaryItemType,http://www.xbrl.org/2003/instance,2003-12-31,VT,Vanuatu vatu,ISO4217,,,,,,
WST,Samoan tala,http://www.xbrl.org/2003/iso4217,REC,2012-10-31,monetaryItemType,http://www.xbrl.org/2003/instance,2003-12-31,WS$,Samoan tala,ISO4217,,,,,,
XAF,CFA Franc BEAC,http://www.xbrl.org/2003/iso4217,REC,2012-10-31,monetaryItemType,http://www.xbrl.org/2003/instance,2003-12-31,,CFA franc BEAC,ISO4217,,,,,,
XAG,Silver,http://www.xbrl.org/2003/iso4217,REC,2012-10-31,monetaryItemType,http://www.xbrl.org/2003/instance,2003-12-31,,Silver (one troy ounce),ISO4217,,,,,,
XAU,Gold,http://www.xbrl.org/2003/iso4217,REC,2012-10-31,monetaryItemType,http://www.xbrl.org/2003/instance,2003-12-31,,Gold (one troy ounce),ISO4217,,,,,,
XBA,EURCO,http://www.xbrl.org/2003/iso4217,REC,2012-10-31,monetaryItemType,http://www.xbrl.org/2003/instance,2003-12-31,,European Composite Unit (EURCO) (bond market unit),ISO4217,,,,,,
XBB,E.M.U.-6,http://www.xbrl.org/2003/iso4217,REC,2012-10-31,monetaryItemType,http://www.xbrl.org/2003/instance,2003-12-31,,European Monetary Unit (E.M.U.-6) (bond market unit),ISO4217,,,,,,
XBC,E.U.A.-9,http://www.xbrl.org/2003/iso4217,REC,2012-10-31,monetaryItemType,http://www.xbrl.org/2003/instance,2003-12-31,,European Unit of Account 9 (E.U.A.-9) (bond market unit),ISO4217,,,,,,
XBD,E.U.A.-17,http://www.xbrl.org/2003/iso4217,REC,2012-10-31,monetaryItemType,http://www.xbrl.org/2003/instance,2003-12-31,,European Unit of Account 17 (E.U.A.-17) (bond market unit),ISO4217,,,,,,
XCD,East Caribbean dollar,http://www.xbrl.org/2003/iso4217,REC,2012-10-31,monetaryItemType,http://www.xbrl.org/2003/instance,2003-12-31,$,East Caribbean dollar,ISO4217,,,,,,
XDR,Special Drawing Rights,http://www.xbrl.org/2003/iso4217,REC,2012-10-31,monetaryItemType,http://www.xbrl.org/2003/instance,2003-12-31,,Special Drawing Rights,ISO4217,,,,,,
XFU,UIC Franc,http://www.xbrl.org/2003/iso4217,REC,2012-10-31,monetaryItemType,http://www.xbrl.org/2003/instance,2003-12-31,,UIC franc (special settlement currency),ISO4217,,,,,,
XOF,CFA Franc BCEAO,http://www.xbrl.org/2003/iso4217,REC,2012-10-31,monetaryItemType,http://www.xbrl.org/2003/instance,2003-12-31,,CFA Franc BCEAO,ISO4217,,,,,,
XPD,Palladium,http://www.xbrl.org/2003/iso4217,REC,2012-10-31,monetaryItemType,http://www.xbrl.org/2003/instance,2003-12-31,,Palladium (one troy ounce),ISO4217,,,,,,
XPF,CFP Franc,http://www.xbrl.org/2003/iso4217,REC,2012-10-31,monetaryItemType,http://www.xbrl.org/2003/instance,2003-12-31,,CFP franc,ISO4217,,,,,,
XPT,Platinum,http://www.xbrl.org/2003/iso4217,REC,2012-10-31,monetaryItemType,http://www.xbrl.org/2003/instance,2003-12-31,,Platinum (one troy ounce),ISO4217,,,,,,
XSU,SUCRE,http://www.xbrl.org/2003/iso4217,REC,2017-07-12,monetaryItemType,http://www.xbrl.org/2003/instance,2003-12-31,Sucre,Unified System for Regional Compensation (SUCRE),ISO4217,,,,,,
XUA,ADB Unit of Account,http://www.xbrl.org/2003/iso4217,REC,2017-07-12,monetaryItemType,http://www.xbrl.org/2003/instance,2003-12-31,,African Development Bank,ISO4217,,,,,,
YER,Yemeni rial,http://www.xbrl.org/2003/iso4217,REC,2012-10-31,monetaryItemType,http://www.xbrl.org/2003/instance,2003-12-31,,Yemeni rial,ISO4217,,,,,,
ZAR,South African rand,http://www.xbrl.org/2003/iso4217,REC,2012-10-31,monetaryItemType,http://www.xbrl.org/2003/instance,2003-12-31,R,South African rand,ISO4217,,,,,,
ZMK,Zambian kwacha,http://www.xbrl.org/2003/iso4217,REC,2012-10-31,monetaryItemType,http://www.xbrl.org/2003/instance,2003-12-31,ZK,Zambian kwacha,ISO4217,,,,,,
ZMW,Zambian kwacha,http://www.xbrl.org/2003/iso4217,REC,2017-07-12,monetaryItemType,http://www.xbrl.org/2003/instance,2003-12-31,ZK,Zambian kwacha,ISO4217,,,,,,
ZWL,Zimbabwe dollar,http://www.xbrl.org/2003/iso4217,REC,2012-10-31,monetaryItemType,http://www.xbrl.org/2003/instance,2003-12-31,$,Zimbabwe dollar,ISO4217,,,,,,
Cal,Calorie,http://www.xbrl.org/2009/utr,REC,2012-10-31,energyItemType,,2009-12-16,Cal,Calorie,Non-SI,4.184 * J,4.184 J,,,,
t,Tonne,http://www.xbrl.org/2009/utr,REC,2012-10-31,massItemType,,2009-12-16,t,"Tonne (Metric Tonne, Metric Ton)",Non-SI,10 3 * kg,10 3 kg,,,,
B,Byte,http://www.xbrl.org/2009/utr,REC,2012-10-31,memoryItemType,,2009-12-16,B,8 adjacent bits of Memory per IEEE 1541-2002,Non-SI,2 3 * bit,2 3 bit,,,,
GB,Gigabyte,http://www.xbrl.org/2009/utr,REC,2012-10-31,memoryItemType,,2009-12-16,GB,Gigabytes of Memory per IEEE 1541-2002,Non-SI,10 9 * B,2 30 B,,,,
kB,Kilobyte,http://www.xbrl.org/2009/utr,REC,2012-10-31,memoryItemType,,2009-12-16,kB,Kilobytes of Memory per IEEE 1541-2002,Non-SI,10 3 * B,10 3 B,,,,
MB,Megabyte,http://www.xbrl.org/2009/utr,REC,2012-10-31,memoryItemType,,2009-12-16,MB,Megabytes of Memory per IEEE 1541-2002,Non-SI,10 6 * B,10 6 B,,,,
TB,Terabyte,http://www.xbrl.org/2009/utr,REC,2012-10-31,memoryItemType,,2009-12-16,TB,Terabytes of Memory per IEEE 1541-2002,Non-SI,10 12 * B,10 12 B,,,,
ha,Hectare,http://www.xbrl.org/2009/utr,REC,2012-10-31,areaItemType,,2009-12-16,ha,Hectare,SI,1000 * m 2,1000 m 2,,,,
sqkm,Square km,http://www.xbrl.org/2009/utr,REC,2012-10-31,areaItemType,,2009-12-16,km²,Square Kilometer,SI,1000000 * m 2,1000000 m 2,,,,
sqm,Square metre,http://www.xbrl.org/2009/utr,REC,2012-10-31,areaItemType,,2009-12-16,m²,Square Metre,SI,m 2,m 2,,,,
A,Ampere,http://www.xbrl.org/2009/utr,REC,2012-10-31,electricCurrentItemType,,2009-12-16,A,Ampere,SI,1 * A,1 A,,,,
J,Joule,http://www.xbrl.org/2009/utr,REC,2012-10-31,energyItemType,,2009-12-16,J,Joule,SI,1 * kg * m 2 s -2,kg m 2 s -2,,,,
kJ,Kilojoule,http://www.xbrl.org/2009/utr,REC,2012-10-31,energyItemType,,2009-12-16,kJ,Thousand Joules,SI,10 3 * J,10 3 J,,,,
kWh,Kilowatt-Hours,http://www.xbrl.org/2009/utr,REC,2012-10-31,energyItemType,,2009-12-16,kWh,Kilowatt-Hours of Energy,SI,3.6 * 10 6 * J,3.6 10 6 J,,,,
mJ,mJ,http://www.xbrl.org/2009/utr,REC,2012-10-31,energyItemType,,2009-12-16,mJ,Millijoules,SI,10 -3 * J,10 -3 J,,,,
MWh,Megawatt-Hour,http://www.xbrl.org/2009/utr,REC,2012-10-31,energyItemType,,2009-12-16,MWh,Megawatt-Hour,SI,3.6 * 10 9 * J,3.6 10 9 J,,,,
V,Volt,http://www.xbrl.org/2009/utr,REC,2012-10-31,voltageItemType,,2009-12-16,V,Electromotive Force,SI,kg * m 2 s 3 * A,kg m 2 A s 3,,,,
Hz,Hertz,http://www.xbrl.org/2009/utr,REC,2012-10-31,frequencyItemType,,2009-12-16,Hz,Frequency or Number of Cycles per Second,SI,1 s,s -1,,,,
cm,Centimetre,http://www.xbrl.org/2009/utr,REC,2012-10-31,lengthItemType,,2009-12-16,cm,One-hundreth of Metre,SI,10 -2 * m,10 -2 m,,,,
dm,Decimetre,http://www.xbrl.org/2009/utr,REC,2012-10-31,lengthItemType,,2009-12-16,dm,Decimetre,SI,10 -1 m,10 -1 m,,,,
km,Kilometre,http://www.xbrl.org/2009/utr,REC,2012-10-31,lengthItemType,,2009-12-16,km,Thousand Metres,SI,10 3 * m,m 10 3,,,,
m,Metre,http://www.xbrl.org/2009/utr,REC,2012-10-31,lengthItemType,,2009-12-16,m,Metre,SI,1 * m,1 m,,,,
mm,Millimetre,http://www.xbrl.org/2009/utr,REC,2012-10-31,lengthItemType,,2009-12-16,mm,One-thousandth of Metre,SI,10 -3 * m,10 -3 m,,,,
g,Gram,http://www.xbrl.org/2009/utr,REC,2012-10-31,massItemType,,2009-12-16,g,Gram,SI,10 -3 * kg,10 -3 kg,,,,
kg,Kilogram,http://www.xbrl.org/2009/utr,REC,2012-10-31,massItemType,,2009-12-16,kg,Kilogram,SI,1 * kg,1 kg,,,,
GW,Gigawatt,http://www.xbrl.org/2009/utr,REC,2012-10-31,powerItemType,,2009-12-16,GW,Thousand Million Watts,SI,10 9 * W,10 9 W,,,,
kW,Kilowatt,http://www.xbrl.org/2009/utr,REC,2012-10-31,powerItemType,,2009-12-16,kW,Thousand Watts,SI,10 3 * W,10 3 W,,,,
MW,Megawatt,http://www.xbrl.org/2009/utr,REC,2012-10-31,powerItemType,,2009-12-16,MW,Million Watts,SI,10 6 * W,10 6 W,,,,
TW,Terawatt,http://www.xbrl.org/2009/utr,REC,2012-10-31,powerItemType,,2009-12-16,TW,Million Million Watts,SI,10 12 * W,10 12 W,,,,
W,Watt,http://www.xbrl.org/2009/utr,REC,2012-10-31,powerItemType,,2009-12-16,W,Watt,SI,1 * J s,1 J s,,,,
kV,Kilovolt,http://www.xbrl.org/2009/utr,REC,2012-10-31,voltageItemType,,2009-12-16,kV,Thousand Volts of Electromotive Force,SI,10 3 * V,10 3 V,,,,
l,Litre,http://www.xbrl.org/2009/utr,REC,2012-10-31,volumeItemType,,2009-12-16,l,Litre,SI,1 * dm 3,1 dm 3,,,,
m3,Cubic Metre,http://www.xbrl.org/2009/utr,REC,2012-10-31,volumeItemType,,2009-12-16,m³,Cubic Metre,SI,1 * m 3,1 m 3,,,,
bu,Bushel,http://www.xbrl.org/2009/utr,REC,2012-10-31,volumeItemType,,2009-12-16,bu,US Bushel,Customary,35.2391 * l,35.2391 l,,,,
aft,Acre-Foot,http://www.xbrl.org/2009/utr,REC,2013-05-17,volumeItemType,,2009-12-16,acre ft,"Volume of one acre of surface area to a depth of one foot using a US survey 
foot",Customary,1233.4892384681 * m 3,1233.4892384681 m 3,,,,
Monetary_per_Share,Monetary/share,,REC,2012-10-31,perShareItemType,,2009-12-16,,Monetary Unit / Share,XBRL,,,monetaryItemType,http://www.xbrl.org/2003/instance,sharesItemType,http://www.xbrl.org/2003/instance
Monetary_per_Decimal,Monetary/Decimal,,REC,2012-10-31,perUnitItemType,,2009-12-16,,Monetary Unit / Anything,XBRL,,,monetaryItemType,http://www.xbrl.org/2003/instance,decimalItemType,http://www.xbrl.org/2003/instance
Monetary_per_Monetary,Monetary/Monetary,,REC,2012-10-31,pureItemType,http://www.xbrl.org/2003/instance,2003-12-31,,Exchange Rate Expressed as: Monetary Unit / Monetary Unit,XBRL,,,monetaryItemType,http://www.xbrl.org/2003/instance,monetaryItemType,http://www.xbrl.org/2003/instance
pure,pure,http://www.xbrl.org/2003/instance,REC,2012-10-31,pureItemType,http://www.xbrl.org/2003/instance,2003-12-31,,Dimensionless (Pure) Number,XBRL,,,,,,
Rate,Rate,http://www.xbrl.org/2009/utr,REC,2012-10-31,pureItemType,http://www.xbrl.org/2003/instance,2003-12-31,,Rate,XBRL,,,,,,
shares,Share,http://www.xbrl.org/2003/instance,REC,2012-10-31,sharesItemType,http://www.xbrl.org/2003/instance,2003-12-31,,Unit of Ownership (Stock),XBRL,,,,,,
Y,Year,http://www.xbrl.org/2009/utr,REC,2012-10-31,durationItemType,http://www.xbrl.org/2003/instance,2003-12-31,yr,"Gregorian calendar year of 365 days. Use only as a denominator because 
durationItemType is not numeric and has no units.",Customary,365 * d,365 d,,,,
M,Month,http://www.xbrl.org/2009/utr,REC,2012-10-31,durationItemType,http://www.xbrl.org/2003/instance,2003-12-31,mo,"Gregorian calendar month of 30.41 days. Use only as a denominator because 
durationItemType is not numeric and has no units.",Customary,730 * h,730 h,,,,
D,Day,http://www.xbrl.org/2009/utr,REC,2012-10-31,durationItemType,http://www.xbrl.org/2003/instance,2003-12-31,d,"Day of 24 hours. Use only as a denominator because durationItemType is not 
numeric and has no units.",Customary,86400 * s,86400 s,,,,
H,Hour,http://www.xbrl.org/2009/utr,REC,2012-10-31,durationItemType,http://www.xbrl.org/2003/instance,2003-12-31,h,"Hour of 60 minutes. Use only as a denominator because durationItemType is 
not numeric and has no units.",Customary,3600 * s,3600 s,,,,
MM,Minute,http://www.xbrl.org/2009/utr,REC,2012-10-31,durationItemType,http://www.xbrl.org/2003/instance,2003-12-31,m,"Minute of 60 seconds. Use only as a denominator because durationItemType is 
not numeric and has no units.",Customary,60 * s,60 s,,,,
S,Second,http://www.xbrl.org/2009/utr,REC,2012-10-31,durationItemType,http://www.xbrl.org/2003/instance,2003-12-31,s,"Second. Use only as a denominator because durationItemType is not numeric 
and has no units.",SI,,,,,,
Volume_per_Duration,Volume/Duration,,REC,2012-10-31,flowItemType,,2009-12-16,,"Flow rate, as Volume per Duration",Customary,,,volumeItemType,http://www.xbrl.org/2009/utr,durationItemType,http://www.xbrl.org/2003/instance
MV,Megavolt,http://www.xbrl.org/2009/utr,REC,2013-05-17,voltageItemType,,2009-12-16,MV,One million volts,SI,10 6 * V,10 6 V,,,,
GV,Gigavolt,http://www.xbrl.org/2009/utr,REC,2013-05-17,voltageItemType,,2009-12-16,GV,One thousand million volts,SI,10 9 * V,10 9 V,,,,
Bcf,Billions of cubic feet,http://www.xbrl.org/2009/utr,REC,2013-05-17,volumeItemType,,2009-12-16,Bcf,One thousand million cubic feet,Customary,2.832 10 7 * m 3,2.832 10 7 m 3,,,,
Tcf,Trillions of cubic feet,http://www.xbrl.org/2009/utr,REC,2013-05-17,volumeItemType,,2009-12-16,Tcf,One trillion cubic feet,Customary,2.832 10 10 * m 3,2.832 10 10 m 3,,,,
GWh,Gigawatt-Hour,http://www.xbrl.org/2009/utr,REC,2013-05-17,energyItemType,,2009-12-16,GWh,Gigawatt-Hour,SI,3.6 * 10 12 * J,3.6 10 12 J,,,,
TWh,Terawatt-Hour,http://www.xbrl.org/2009/utr,REC,2013-05-17,energyItemType,,2009-12-16,TWh,Terawatt-Hour,SI,3.6 * 10 15 * J,3.6 10 15 J,,,,
Q,Quarter,http://www.xbrl.org/2009/utr,REC,2013-05-17,durationItemType,http://www.xbrl.org/2003/instance,2003-12-31,qtr,"Gregorian Calendar Quarter (three months). Use only as a denominator 
because durationItemType is not numeric and has no units.",Customary,,,,,,
WK,Week,http://www.xbrl.org/2009/utr,REC,2013-05-17,durationItemType,http://www.xbrl.org/2003/instance,2003-12-31,wk,"Gregorian Calendar Week. Use only as a denominator because durationItemType 
is not numeric and has no units.",Customary,,,,,,
MMcfe,Million Cubic Foot Equivalent,http://www.xbrl.org/2009/utr,REC,2013-05-17,energyItemType,,2009-12-16,MMcfe,Million cubic feet of natural gas equivalent,Customary,1.0872 * 10 12 J,1.0872 10 12 J,,,,
Bcfe,Billion Cubic Foot Equivalent,http://www.xbrl.org/2009/utr,REC,2013-05-17,energyItemType,,2009-12-16,Bcfe,Thousand million cubic feet of natural gas equivalent,Customary,1.0872 * 10 15 J,1.0872 10 15 J,,,,
Tcfe,Trillion Cubic Foot Equivalent,http://www.xbrl.org/2009/utr,REC,2013-05-17,energyItemType,,2009-12-16,Tcfe,Trillion cubic feet of natural gas equivalent,Customary,1.0872 * 10 18 J,1.0872 10 18 J,,,,
kT,Thousand Tons,http://www.xbrl.org/2009/utr,REC,2013-05-17,massItemType,,2009-12-16,kT,One thousand US tons,Customary,907.18474 * 10 3 kg,907.18474 10 3 kg,,,,
MT,Million Tons,http://www.xbrl.org/2009/utr,REC,2013-05-17,massItemType,,2009-12-16,MT,One million US tons,Customary,907.18474 * 10 6 kg,907.18474 10 6 kg,,,,
GT,Billion Tons,http://www.xbrl.org/2009/utr,REC,2013-05-17,massItemType,,2009-12-16,GT,One thousand million US tons,Customary,907.18474 * 10 9 kg,907.18474 10 9 kg,,,,
kt,Kilotonne,http://www.xbrl.org/2009/utr,REC,2013-05-17,massItemType,,2009-12-16,kt,"Thousand Tonnes (Metric Tonnes, Metric Tons)",Non-SI,10 6 * kg,10 6 kg,,,,
Mt,Megatonne,http://www.xbrl.org/2009/utr,REC,2013-05-17,massItemType,,2009-12-16,Mt,"Million Tonnes (Metric Tonnes, Metric Tons)",Non-SI,10 9 * kg,10 9 kg,,,,
Gt,Gigatonne,http://www.xbrl.org/2009/utr,REC,2013-05-17,massItemType,,2009-12-16,Gt,"Thousand Million Tonnes (Metric Tonnes, Metric Tons)",Non-SI,10 12 * kg,10 12 kg,,,,
MWM,Megawatt-Month,http://www.xbrl.org/2009/utr,REC,2013-04-30,energyItemType,,2009-12-16,MW-M,Megawatt-Month assuming 730 hours per month,SI,2.6 * 10 12 * J,2.6 10 12 J,,,,
GWM,Gigawatt-Month,http://www.xbrl.org/2009/utr,REC,2013-04-30,energyItemType,,2009-12-16,GW-M,Gigawatt-Month assuming 730 hours per month,SI,2.6 * 10 15 * J,2.6 10 15 J,,,,
Energy_per_Duration,Energy/Duration,,CR,2016-08-10,flowItemType,,,,"Flow rate, as Energy per Duration",Customary,,,energyItemType,http://www.xbrl.org/2009/utr,durationItemType,http://www.xbrl.org/2003/instance
Cel,Celsius,http://www.xbrl.org/2009/utr,CR,2017-07-12,temperatureItemType,,,°C,"A temperature scale based on 0° for the freezing point of water and 100° 
for the boiling point of water at 1 atm pressure.",SI,K - 273.15,K 273.15,,,,
K,Kelvin,http://www.xbrl.org/2009/utr,CR,2017-07-12,temperatureItemType,,,K,"The kelvin is a unit of measure for temperature based upon an absolute 
scale. It is one of the seven base units in the International System of 
Units (SI) and is assigned the unit symbol K. The Kelvin scale is an 
absolute, thermodynamic temperature scale using as its null point absolute 
zero, the temperature at which all thermal motion ceases in the classical 
description of thermodynamics. The kelvin is defined as the fraction 
1⁄273.16 of the thermodynamic temperature of the triple point of water 
(exactly 0.01 °C or 32.018 °F). In other words, it is defined such that the 
triple point of water is exactly 273.16 K.",SI,1 · K,1 K,,,,
F,Fahrenheit,http://www.xbrl.org/2009/utr,CR,2017-07-12,temperatureItemType,,,°F,"Fahrenheit is a unit of measure for temperature defined by two fixed 
points: the temperature at which water freezes into ice is defined as 32 
°F, and the boiling point of water is defined to be 212 °F, a 180 °F 
separation, as defined at sea level and standard atmospheric pressure.",Customary,( ( K - 233 . 15 ) · 1 . 8 ) - 40,K 233.15 1.8 40,,,,
Pa,Pascal,http://www.xbrl.org/2009/utr,CR,2017-07-12,pressureItemType,,,Pa,"The pascal is the SI derived unit of pressure used to quantify internal 
pressure, stress, Young's modulus and ultimate tensile strength. It is 
defined as one newton per square meter.",SI,1 kg m · s 2,kg m s 2,,,,
Bar,Bar,http://www.xbrl.org/2009/utr,CR,2017-07-12,pressureItemType,,,bar,"The bar is a metric unit of pressure, but is not approved as part of the 
International System of Units (SI). It is defined as exactly equal to 
100000 Pa, which is slightly less than the current average atmospheric 
pressure on Earth at sea level.",Customary,100000 · kg m · s 2,100000 kg m s 2,,,,
psi,Pounds Per Square Inch,http://www.xbrl.org/2009/utr,CR,2017-07-12,pressureItemType,,,psi,"The pound per square inch is a unit of pressure or of stress based on 
avoirdupois units. It is the pressure resulting from a force of one 
pound-force applied to an area of one square inch.",Customary,6894 . 757 · N m 2,6894.757 N m 2,,,,
atm,Standard Atmosphere,http://www.xbrl.org/2009/utr,CR,2017-07-12,pressureItemType,,,atm,"The standard atmosphere is a unit of pressure defined as 101325 Pa (1.01325 
bar). It is sometimes used as a reference or standard pressure.",Customary,101325 · Pa,101325 Pa,,,,
N,Newton,http://www.xbrl.org/2009/utr,CR,2017-07-12,forceItemType,,,N,"The newton is the International System of Units (SI) derived unit of force. 
One newton is the force needed to accelerate one kilogram of mass at the 
rate of one metre per second squared in direction of the applied force.",SI,kg · m s 2,kg m s 2,,,,
var,Volt-ampere reactive,http://www.xbrl.org/2009/utr,CR,2017-07-12,powerItemType,,2009-12-16,var,"In electric power transmission and distribution, volt-ampere reactive (var) 
is a unit by which reactive power is expressed in an AC electric power 
system. Reactive power is the power that is wasted and not used to do work 
on the load.",Customary,1 · var,1 var,,,,
VA,Volt-ampere,http://www.xbrl.org/2009/utr,CR,2017-07-12,powerItemType,,2009-12-16,VA,"A volt-ampere (VA) is the unit used for the apparent power in an electrical 
circuit, equal to the product of root-mean-square (RMS) voltage and RMS 
current. In direct current (DC) circuits, this product is equal to the real 
power (active power) in watts. Volt-amperes are useful only in the context 
of alternating current (AC) circuits.",SI,W PF (Power Factor),W PF,,,,
Wh,Watt-Hours,http://www.xbrl.org/2009/utr,CR,2017-07-12,energyItemType,,2009-12-16,Wh,Watt-Hours of Energy,SI,3.6 · 10 3 · J,3.6 10 3 J,,,,
VAh,Volt-ampere-hours,http://www.xbrl.org/2009/utr,CR,2017-07-12,energyItemType,,2009-12-16,VAh,Volt-ampere (VA) hours of energy.,Customary,,,,,,
Ah,Ampere Hours,http://www.xbrl.org/2009/utr,CR,2017-07-12,electricChargeItemType,,,Ah,"An ampere hour or amp hour is a unit of electric charge, equal to the 
charge transferred by a steady current of one ampere flowing for one hour.",Customary,3600 · C,3600 C,,,,
C,Coulomb,http://www.xbrl.org/2009/utr,CR,2017-07-12,electricChargeItemType,,,C,"The coulomb is the International System of Units (SI) unit of electric 
charge. It is the charge transported by a constant current of one ampere in 
one second.",SI,A · s,A s,,,,
Degree,Degree,http://www.xbrl.org/2009/utr,CR,2017-07-12,planeAngleItemType,,,°,"The degree is a measurement of a plane angle, defined so that a full 
rotation is 360 degrees. In XBRL the degree is reported in a decimal format.",Customary,rad × 180 π,rad 180,,,,
rad,Radian,http://www.xbrl.org/2009/utr,CR,2017-07-12,planeAngleItemType,,,rad,"The radian is the standard unit of angular measure. The radian is an SI 
derived unit.",SI,,,,,,